Facility ID,Facility Name,Facility Type,District,Description,Has Clinic,Status,Created At,Updated At
cme99em9h000xjncdyud4eygb,"Aibawk PHC","PHC","Aizawl West","",No,Active,"13/08/2025","28/08/2025"
cmeh1ha7z02h3jnan2gk01rly,"Ailawng","SC_HWC","Mamit","",No,Active,"18/08/2025","18/08/2025"
cme99emur00m1jncdsi5hvn1o,"Ailawng SC","SC_HWC","Mamit","",No,Active,"13/08/2025","13/08/2025"
cme99emm400etjncd3u0xy9v0,"Ajasora SC","SC_HWC","Lawngtlai","",No,Active,"13/08/2025","13/08/2025"
cme99emz300qtjncdqg9fztpn,"Armed Veng AYUSH SC","A_HWC","Aizawl East","",No,Active,"13/08/2025","13/08/2025"
cme99emcw0045jncdk1mtnfch,"Armveng SC","A_HWC","Aizawl East","",No,Active,"13/08/2025","13/08/2025"
cme99emam001vjncdv22whymi,"Bairabi PHC","PHC","Kolasib","",No,Active,"13/08/2025","13/08/2025"
cme99emkl00d7jncd57vgkb94,"Bairabi SC","SC_HWC","Kolasib","",No,Active,"13/08/2025","13/08/2025"
cme99en0g00sbjncd3tcrved5,"Baktawng AYUSH SC","A_HWC","Aizawl East","",No,Active,"13/08/2025","13/08/2025"
cme99emeu0069jncdjx7foqy4,"Baktawng SC","A_HWC","Aizawl East","",No,Active,"13/08/2025","19/08/2025"
cme99emf1006ljncdh9b7znzi,"Bawngkawn SC","SC_HWC","Aizawl East","",No,Active,"13/08/2025","13/08/2025"
cme99emcx0047jncdvc013ahc,"Bazar Aizawl SC","SC_HWC","Aizawl East","",No,Active,"13/08/2025","13/08/2025"
cme99emog00gfjncdz2q136qw,"Bazar Lunglei SC","SC_HWC","Lunglei","",No,Active,"13/08/2025","13/08/2025"
cme99emss00k3jncdjohat0tg,"Belthei SC","SC_HWC","Lunglei","",No,Active,"13/08/2025","13/08/2025"
cme99emh8009fjncdqyh415rt,"Bethel SC","SC_HWC","Champhai","",No,Active,"13/08/2025","21/08/2025"
cme99emcy0049jncditu2vook,"Bethlehem Vengthlang SC","SC_HWC","Aizawl East","",No,Active,"13/08/2025","13/08/2025"
cme99emhu00a9jncd06ctqf8i,"Biate SC","SC_HWC","Champhai","",No,Active,"13/08/2025","13/08/2025"
cme99emao001xjncd93e9kueo,"Bilkhawthlir PHC","PHC","Kolasib","",No,Active,"13/08/2025","13/08/2025"
cme99emkn00d9jncdxiei6g00,"Bilkhawthlir SC","SC_HWC","Kolasib","",No,Active,"13/08/2025","13/08/2025"
cme99emuj00lrjncdbuiuzilc,"Borai SC","SC_HWC","Mamit","",No,Active,"13/08/2025","13/08/2025"
cme99emav0025jncd1qelv388,"Borapansury PHC","PHC","Lawngtlai","",No,Active,"13/08/2025","13/08/2025"
cme99emlw00eljncdndtlj0w0,"Borapansury SC","SC_HWC","Lawngtlai","",No,Active,"13/08/2025","13/08/2025"
cme99emok00ghjncd8qvd5qht,"Bualpui H SC","SC_HWC","Lunglei","",No,Active,"13/08/2025","13/08/2025"
cme99emay0027jncdffyd9yw8,"Bualpui NG PHC","PHC","Lawngtlai","",No,Active,"13/08/2025","13/08/2025"
cme99emlz00epjncdje0ieqr7,"Bualpui Ng SC","SC_HWC","Lawngtlai","",No,Active,"13/08/2025","13/08/2025"
cme99emky00dljncde9bv767a,"Bualpui SC","SC_HWC","Kolasib","",No,Active,"13/08/2025","13/08/2025"
cme99emom00gjjncdntuxno0h,"Bualpui V SC","SC_HWC","Lunglei","",No,Active,"13/08/2025","13/08/2025"
cme99emxg00ozjncdwbmzl454,"Buangpui SC","SC_HWC","Serchhip","",No,Active,"13/08/2025","13/08/2025"
cme99emb6002hjncdj0dd32wh,"Buarpui PHC","PHC","Lunglei","",No,Active,"13/08/2025","13/08/2025"
cme99emod00gdjncddgq1660y,"Buarpui SC","SC_HWC","Lunglei","",No,Active,"13/08/2025","13/08/2025"
cme99emdn0051jncdce3qy2dn,"Buhban SC","SC_HWC","Aizawl East","",No,Active,"13/08/2025","13/08/2025"
cme99emk800ctjncdc7h3e9m0,"Buhchangphai SC","SC_HWC","Kolasib","",No,Active,"13/08/2025","13/08/2025"
cme99emap001zjncdfg72c965,"Bukpui PHC","PHC","Kolasib","",No,Active,"13/08/2025","13/08/2025"
cme99emkt00dhjncdwxf80xfd,"Bukpui SC","SC_HWC","Kolasib","",No,Active,"13/08/2025","13/08/2025"
cme99emh9009hjncdrlxgyszg,"Bulfekzawl SC","SC_HWC","Champhai","",No,Active,"13/08/2025","13/08/2025"
cme99emb7002jjncd3ufdpuw6,"Bunghmun S PHC","PHC","Lunglei","",No,Active,"13/08/2025","13/08/2025"
cme99emot00gljncdum5zj8xd,"Bunghmun S SC","SC_HWC","Lunglei","",No,Active,"13/08/2025","13/08/2025"
cme99emz000qpjncdarqovqvo,"Bungkawn AYUSH SC","A_HWC","Aizawl East","",No,Active,"13/08/2025","13/08/2025"
cme99emgk008hjncdjzs5ha42,"Bungkawn SC","SC_HWC","Aizawl West","",No,Active,"13/08/2025","13/08/2025"
cme99emul00ltjncdek5vah6h,"Bungthuam SC","SC_HWC","Mamit","",No,Active,"13/08/2025","13/08/2025"
cme99emb00029jncd5wfxd437,"Bungtlang S PHC","PHC","Lawngtlai","",No,Active,"13/08/2025","13/08/2025"
cme99emm600evjncd34g9nzat,"Bungtlang S SC","SC_HWC","Lawngtlai","",No,Active,"13/08/2025","13/08/2025"
cme99emw800npjncd026wsvos,"Bungtlang SC","SC_HWC","Serchhip","",No,Active,"13/08/2025","13/08/2025"
cme99em9p0015jncdk6l0n0zh,"Bungzung PHC","PHC","Champhai","",No,Active,"13/08/2025","13/08/2025"
cme99emhy00adjncd86ix3c3i,"Bungzung SC","SC_HWC","Champhai","",No,Active,"13/08/2025","13/08/2025"
cme99emh10097jncdlp3rtbnv,"Central Jail Veng SC","SC_HWC","Aizawl West","",No,Active,"13/08/2025","13/08/2025"
cme99emow00gnjncdyfcz0y6c,"Central SC","SC_HWC","Lunglei","",No,Active,"13/08/2025","13/08/2025"
cme99emc1003bjncd2k7j2nvv,"Chakhang PHC","PHC","Saiha","",No,Active,"13/08/2025","13/08/2025"
cme99emvf00mtjncd6pt0np8n,"Chakhang SC","SC_HWC","Saiha","",No,Active,"13/08/2025","13/08/2025"
cme99emf3006njncdyfaz94zt,"Chaltlang SC","SC_HWC","Aizawl East","",No,Active,"13/08/2025","13/08/2025"
cme99emm800exjncdp1o12998,"Chamdur Pilot Proj SC","SC_HWC","Lawngtlai","",No,Active,"13/08/2025","13/08/2025"
cme99em8x000djncdvt20bpen,"Champhai","UPHC","Champhai","",No,Active,"13/08/2025","13/08/2025"
cme99emyr00qfjncd4knrbx64,"Champhai AYUSH SC","A_HWC","Champhai","",No,Active,"13/08/2025","13/08/2025"
cme99emhb009jjncdagtpczai,"Champhai SC","SC_HWC","Champhai","",No,Active,"13/08/2025","13/08/2025"
cme99emhc009ljncdwsj700pc,"Champhai Vengthlang SC","SC_HWC","Champhai","",No,Active,"13/08/2025","13/08/2025"
cme99emy300ppjncdwe2ajjl5,"Champhai Zotlang UHWC","U_HWC","Champhai","",No,Active,"13/08/2025","13/08/2025"
cme99emoz00gpjncd327cxmg8,"Changpui SC","SC_HWC","Lunglei","",No,Active,"13/08/2025","13/08/2025"
cme99emf4006pjncdvjxledco,"Chanmari SC","SC_HWC","Aizawl East","",No,Active,"13/08/2025","13/08/2025"
cme99emff0077jncdqfccnf6y,"Chanmari West","SC_HWC","Aizawl East","",No,Active,"13/08/2025","13/08/2025"
cme99emzg00r7jncdzdl2ypg4,"Chapui AYUSH SC","A_HWC","Saiha","",No,Active,"13/08/2025","13/08/2025"
cme99emvr00nbjncdch3c3dii,"Chapui SC","SC_HWC","Saiha","",No,Active,"13/08/2025","13/08/2025"
cme99emp100grjncdwegi0dca,"Chawilung SC","SC_HWC","Lunglei","",No,Active,"13/08/2025","13/08/2025"
cme99em8w000bjncd0xfvwarr,"Chawlhhmun","UPHC","Aizawl West","",No,Active,"13/08/2025","13/08/2025"
cme99en0900s1jncdgoh2favx,"Chawngte C AYUSH SC","A_HWC","Lawngtlai","",No,Active,"13/08/2025","13/08/2025"
cme99emn100fjjncdrw2b5zcw,"Chawngte C SC","SC_HWC","Lawngtlai","",No,Active,"13/08/2025","13/08/2025"
cme99emn400fljncddgliqmwd,"Chawngte P SC","SC_HWC","Lawngtlai","",No,Active,"13/08/2025","13/08/2025"
cme99emj900btjncduh6yflvp,"Chawngtlai SC","SC_HWC","Champhai","",No,Active,"13/08/2025","13/08/2025"
cme99emfo007jjncdi14vvr74,"Chawnpui SC","SC_HWC","Aizawl West","",No,Active,"13/08/2025","13/08/2025"
cme99emb9002ljncdmtl7mwfr,"Cherhlun PHC","PHC","Lunglei","",No,Active,"13/08/2025","13/08/2025"
cme99emp400gtjncd0ifbhxk2,"Cherhlun SC","SC_HWC","Lunglei","",No,Active,"13/08/2025","13/08/2025"
cme99emnv00g3jncd9vromnlx,"Cheural SC","SC_HWC","Lawngtlai","",No,Active,"13/08/2025","13/08/2025"
cme99emii00azjncdg4v2ds9f,"Chhawrtui SC","SC_HWC","Champhai","",No,Active,"13/08/2025","13/08/2025"
cme99emw900nrjncdrwjjfjgd,"Chhiahtlang SC","SC_HWC","Serchhip","",No,Active,"13/08/2025","13/08/2025"
cme99emd0004bjncdjni0co4j,"Chhinga veng SC","SC_HWC","Aizawl East","",No,Active,"13/08/2025","13/08/2025"
cme99emc8003jjncdmquk6ktz,"Chhingchhip PHC","PHC","Serchhip","",No,Active,"13/08/2025","13/08/2025"
cme99emwh00o1jncdn2uspcaf,"Chhingchhip SC","SC_HWC","Serchhip","",No,Active,"13/08/2025","13/08/2025"
cme99emba002njncdaw7xwymj,"Chhipphir PHC","PHC","Lunglei","",No,Active,"13/08/2025","13/08/2025"
cme99emp600gvjncd1ooseihy,"Chhipphir SC","SC_HWC","Lunglei","",No,Active,"13/08/2025","13/08/2025"
cme99emc3003djncdkcsq9o79,"Chhuarlung PHC","PHC","Saiha","",No,Active,"13/08/2025","13/08/2025"
cme99emvh00mxjncd1iiduded,"Chhuarlung SC","SC_HWC","Saiha","",No,Active,"13/08/2025","13/08/2025"
cme99emxn00p9jncdpvswkedp,"Chite UHWC","U_HWC","Aizawl East","",No,Active,"13/08/2025","13/08/2025"
cme99emtj00krjncd3nfnq8k2,"Chuhvel SC","SC_HWC","Mamit","",No,Active,"13/08/2025","13/08/2025"
cme99emlg00e7jncdjca2p8ge,"College Veng SC","SC_HWC","Lawngtlai","",No,Active,"13/08/2025","13/08/2025"
cme99emyb00pxjncdxcy3e8z3,"Council Veng UHWC","U_HWC","Lawngtlai","",No,Active,"13/08/2025","13/08/2025"
cme99emde004rjncdrbil23gt,"Daido SC","SC_HWC","Aizawl East","",No,Active,"13/08/2025","13/08/2025"
cme99emyt00qhjncdb5s77shk,"Damdep AYUSH SC","A_HWC","Lawngtlai","",No,Active,"13/08/2025","13/08/2025"
cme99emma00ezjncdig8m5qaw,"Damdep SC","SC_HWC","Lawngtlai","",No,Active,"13/08/2025","13/08/2025"
cme99emsu00k5jncdbjoj7e2k,"Damdiai SC","SC_HWC","Mamit","",No,Active,"13/08/2025","13/08/2025"
cme99emub00ljjncd1mz5yxbf,"Damparengpui SC","SC_HWC","Mamit","",No,Active,"13/08/2025","13/08/2025"
cme99emsw00k7jncd9l6hj6jr,"Dampui SC","SC_HWC","Mamit","",No,Active,"13/08/2025","13/08/2025"
cme99emsy00k9jncdldl49kru,"Darlak SC","SC_HWC","Mamit","",No,Active,"13/08/2025","13/08/2025"
cme99em93000jjncds8u1t4bm,"Darlawn PHC","PHC","Serchhip","",No,Active,"13/08/2025","13/08/2025"
cme99emco003xjncddljudcdd,"Darlawn SC","SC_HWC","Aizawl East","",No,Active,"13/08/2025","13/08/2025"
cme99emut00m3jncdmdrtd809,"Darlung W SC","SC_HWC","Mamit","",No,Active,"13/08/2025","13/08/2025"
cme99emp900gxjncdnghwgqnd,"Darngawn W SC","SC_HWC","Lunglei","",No,Active,"13/08/2025","13/08/2025"
cme99emzs00rjjncdmg100hyx,"Darzo AYUSH SC","A_HWC","Hnahthial","",No,Active,"13/08/2025","13/08/2025"
cme99empc00gzjncdzazl55r9,"Darzo SC","SC_HWC","Lunglei","",No,Active,"13/08/2025","13/08/2025"
cme99emh6009djncd4n9k3ylz,"Dawrpui Vengthar SC","SC_HWC","Aizawl West","",No,Active,"13/08/2025","13/08/2025"
cme99emme00f1jncdbgkhkpav,"Devasora SC","SC_HWC","Lawngtlai","",No,Active,"13/08/2025","13/08/2025"
cme99emkb00cvjncdpozldb6d,"Diakkawn SC","SC_HWC","Kolasib","",No,Active,"13/08/2025","13/08/2025"
cme99empe00h1jncdi7vj2lwl,"Diblibagh SC","SC_HWC","Lunglei","",No,Active,"13/08/2025","13/08/2025"
cme99emmg00f3jncdeo5jeuue,"Diltlang SC","SC_HWC","Lawngtlai","",No,Active,"13/08/2025","13/08/2025"
cme99emfq007ljncdqtw8o685,"Dinthar SC","SC_HWC","Aizawl West","",No,Active,"13/08/2025","13/08/2025"
cme99emil00b1jncdodzj1eu1,"Dulte SC","SC_HWC","Champhai","",No,Active,"13/08/2025","13/08/2025"
cme99emiy00bdjncdu9ghr651,"Dungtlang SC","SC_HWC","Champhai","",No,Active,"13/08/2025","13/08/2025"
cme99emek005zjncd1b7hyc4k,"Durtlang SC","SC_HWC","Aizawl East","",No,Active,"13/08/2025","13/08/2025"
cme99emf5006rjncd0hgd71zg,"Edenthar SC","SC_HWC","Aizawl East","",No,Active,"13/08/2025","13/08/2025"
cme99emd1004djncdia48w9da,"Electric Aizawl SC","SC_HWC","Aizawl East","",No,Active,"13/08/2025","13/08/2025"
cme99empg00h3jncdrxe67uvf,"Electric Lunglei SC","SC_HWC","Lunglei","",No,Active,"13/08/2025","13/08/2025"
cme99em9s0017jncdmals599y,"Farkawn PHC","PHC","Champhai","",No,Active,"13/08/2025","13/08/2025"
cme99emi400aljncd4b229go4,"Farkawn SC","SC_HWC","Champhai","",No,Active,"13/08/2025","13/08/2025"
cme99empi00h5jncdxg8f0un3,"Farmveng SC","SC_HWC","Lunglei","",No,Active,"13/08/2025","13/08/2025"
cme99embc002pjncdwi459ifb,"Haulawng PHC","PHC","Lunglei","",No,Active,"13/08/2025","13/08/2025"
cme99empk00h7jncdg5nyfx3p,"Haulawng SC","SC_HWC","Lunglei","",No,Active,"13/08/2025","13/08/2025"
cme99empp00h9jncd0d0xczsg,"Hauruang SC","SC_HWC","Lunglei","",No,Active,"13/08/2025","13/08/2025"
cmeh1pp0s02h5jnanqqo9nc7r,"Hlimen","A_HWC","Aizawl West","",No,Active,"18/08/2025","18/08/2025"
cmekx20rx003pjnbqj2aiskki,"Hlimen SC","SC_HWC","Aizawl West","",No,Active,"21/08/2025","21/08/2025"
cme99em8t0007jncdcbt54wax,"Hlimen UPHC","UPHC","Aizawl West","",No,Active,"13/08/2025","13/08/2025"
cme99emyg00q3jncdczbkps9z,"Hmarveng UHWC","U_HWC","Mamit","",No,Active,"13/08/2025","13/08/2025"
cme99emhe009njncdd9hc2buj,"Hmunhmeltha SC","SC_HWC","Champhai","",No,Active,"13/08/2025","13/08/2025"
cme99emn700fnjncd5azdc7ir,"Hmunlai SC","SC_HWC","Lawngtlai","",No,Active,"13/08/2025","13/08/2025"
cme99emgo008njncdxdhgvx69,"Hmunpui SC","SC_HWC","Aizawl West","",No,Active,"13/08/2025","13/08/2025"
cme99emwj00o3jncdanbp8axn,"Hmuntha SC","SC_HWC","Serchhip","",No,Active,"13/08/2025","13/08/2025"
cme99emsq00k1jncdka1k9uzq,"Hnahchang / Zotuitlang SC","SC_HWC","Lunglei","",No,Active,"13/08/2025","13/08/2025"
cme99em9v0019jncd5tvpsr8k,"Hnahlan PHC","PHC","Champhai","",No,Active,"13/08/2025","13/08/2025"
cme99emi900arjncdg64mcwpu,"Hnahlan SC","SC_HWC","Champhai","",No,Active,"13/08/2025","13/08/2025"
cme99emps00hbjncdn4bzj2ri,"Hnahthial SC","SC_HWC","Lunglei","",No,Active,"13/08/2025","13/08/2025"
cme99emy800ptjncdvepi1p6f,"Hnahthial UHWC","U_HWC","Lunglei","",No,Active,"13/08/2025","13/08/2025"
cme99emkz00dnjncd9y94xiap,"Hortoki SC","SC_HWC","Kolasib","",No,Active,"13/08/2025","13/08/2025"
cme99empv00hdjncd9bn9e3wp,"Hrangchalkawn SC","SC_HWC","Lunglei","",No,Active,"13/08/2025","13/08/2025"
cme99em8z000fjncd2wn4p1d3,"Hrangchalkawn UPHC","UPHC","Lunglei","",No,Active,"13/08/2025","13/08/2025"
cme99emxl00p5jncd5jcwyuso,"Hriangtlang SC","SC_HWC","Serchhip","",No,Active,"13/08/2025","13/08/2025"
cme99emtn00ktjncdyyjaxfuw,"Hriphaw SC","SC_HWC","Mamit","",No,Active,"13/08/2025","13/08/2025"
cme99emga0081jncdma8fxn88,"Hualngohmun SC","SC_HWC","Aizawl West","",No,Active,"13/08/2025","13/08/2025"
cme99emwk00o5jncdvjilmwpc,"Hualtu SC","SC_HWC","Serchhip","",No,Active,"13/08/2025","13/08/2025"
cme99emfs007njncdr4e9n6u1,"Hunthar SC","SC_HWC","Aizawl West","",No,Active,"13/08/2025","13/08/2025"
cme99emgj008fjncdxjy4598d,"ITI SC","SC_HWC","Aizawl West","",No,Active,"13/08/2025","13/08/2025"
cme99em8j0001jncd13o9m78z,"ITI UPHC","UPHC","Aizawl East","",No,Active,"13/08/2025","13/08/2025"
cme99emly00enjncdx2tlzleb,"Jarulsury SC","SC_HWC","Lawngtlai","",No,Active,"13/08/2025","13/08/2025"
cmeh21e9g02ifjnaneax8q884,"Kanan","SC_HWC","Aizawl West","",No,Active,"18/08/2025","18/08/2025"
cme99emcj003tjncdagubdbha,"Kanghmun PHC","PHC","Mamit","",No,Active,"13/08/2025","13/08/2025"
cme99emv100mbjncdlzef9uuz,"Kanghmun SC","SC_HWC","Mamit","",No,Active,"13/08/2025","13/08/2025"
cme99emxi00p1jncdbwitwy3k,"Kanghmun South SC","SC_HWC","Serchhip","",No,Active,"13/08/2025","13/08/2025"
cme99emum00lvjncdfjatkscx,"Kanhmun SC","SC_HWC","Mamit","",No,Active,"13/08/2025","13/08/2025"
cme99emjr00cdjncd61u08en0,"Kawlbem SC","SC_HWC","Champhai","",No,Active,"13/08/2025","13/08/2025"
cme99emli00e9jncdhmjnnkh6,"Kawlchaw SC","SC_HWC","Lawngtlai","",No,Active,"13/08/2025","13/08/2025"
cme99empy00hfjncdbcxy2wub,"Kawlhawk SC","SC_HWC","Lunglei","",No,Active,"13/08/2025","13/08/2025"
cme99em9y001bjncdr1o81upc,"Kawlkulh PHC","PHC","Champhai","",No,Active,"13/08/2025","13/08/2025"
cme99emin00b3jncd0rfh25hw,"Kawlkulh SC","SC_HWC","Champhai","",No,Active,"13/08/2025","13/08/2025"
cme99emar0021jncdik4ko46w,"Kawnpui PHC","PHC","Kolasib","",No,Active,"13/08/2025","13/08/2025"
cme99eml100dpjncdb7ru8lf1,"Kawnpui SC","SC_HWC","Kolasib","",No,Active,"13/08/2025","13/08/2025"
cme99embo002zjncd0woind8v,"Kawrtethawveng PHC","PHC","Mamit","",No,Active,"13/08/2025","13/08/2025"
cme99emtb00kjjncdkunn65mi,"Kawrtethawveng SC","SC_HWC","Mamit","",No,Active,"13/08/2025","13/08/2025"
cme99emtq00kvjncd9qmiz867,"Kawrthah SC","SC_HWC","Mamit","",No,Active,"13/08/2025","13/08/2025"
cme99en0m00shjncdjfwriqqd,"Keifang AYUSH SC","A_HWC","Saitual","",No,Active,"13/08/2025","13/08/2025"
cme99emdp0053jncd9luvwt6s,"Keifang SC","SC_HWC","Aizawl East","",No,Active,"13/08/2025","13/08/2025"
cme99en0400rtjncdvhxuxqah,"Keitum AYUSH SC","A_HWC","Serchhip","",No,Active,"13/08/2025","13/08/2025"
cme99emwa00ntjncduc7qky53,"Keitum SC","SC_HWC","Serchhip","",No,Active,"13/08/2025","13/08/2025"
cme99emym00q9jncd1and9ze4,"Kelkang AYUSH SC","A_HWC","Champhai","",No,Active,"13/08/2025","13/08/2025"
cme99emhf009pjncdy41qhk8g,"Kelkang SC","SC_HWC","Champhai","",No,Active,"13/08/2025","13/08/2025"
cme99emd8004jjncdpste37q8,"Kepran SC","SC_HWC","Aizawl East","",No,Active,"13/08/2025","13/08/2025"
cme99emi500anjncdme7byh7f,"Khankawn SC","SC_HWC","Champhai","",No,Active,"13/08/2025","13/08/2025"
cme99emda004ljncduguki60f,"Khanpui SC","SC_HWC","Aizawl East","",No,Active,"13/08/2025","13/08/2025"
cme99en0800rzjncdnykzvkbk,"Khatla AYUSH SC","A_HWC","Aizawl East","",No,Active,"13/08/2025","13/08/2025"
cme99emgl008jjncdww48x0ty,"Khatla SC","SC_HWC","Aizawl West","",No,Active,"13/08/2025","13/08/2025"
cme99emwm00o7jncdhyj99hin,"Khawbel SC","SC_HWC","Serchhip","",No,Active,"13/08/2025","13/08/2025"
cme99emhh009rjncd1hx9gvs9,"Khawbung N SC","SC_HWC","Champhai","",No,Active,"13/08/2025","13/08/2025"
cme99ema1001djncd9g37c0rm,"Khawbung PHC","PHC","Champhai","",No,Active,"13/08/2025","13/08/2025"
cme99emj000bfjncdvgik8nu3,"Khawbung SC","SC_HWC","Champhai","",No,Active,"13/08/2025","13/08/2025"
cme99ema3001fjncdcnyws5ej,"Khawhai PHC","PHC","Champhai","",No,Active,"13/08/2025","13/08/2025"
cme99emj300bljncd61bjprsl,"Khawhai SC","SC_HWC","Champhai","",No,Active,"13/08/2025","13/08/2025"
cme99emjo00c9jncdf47otc0t,"Khawkawn SC","SC_HWC","Champhai","",No,Active,"13/08/2025","13/08/2025"
cme99emca003ljncdtm5pb3rp,"Khawlailung PHC","PHC","Serchhip","",No,Active,"13/08/2025","13/08/2025"
cme99emwp00objncdipl9cm4j,"Khawlailung SC","SC_HWC","Serchhip","",No,Active,"13/08/2025","13/08/2025"
cme99emq400hjjncdzg96e0a8,"Khawlek SC","SC_HWC","Lunglei","",No,Active,"13/08/2025","13/08/2025"
cme99emdf004tjncdedjc5csy,"Khawlian SC","SC_HWC","Aizawl East","",No,Active,"13/08/2025","13/08/2025"
cme99en0i00sdjncdr4bxh9qr,"Khawmawi AYUSH SC","A_HWC","Lawngtlai","",No,Active,"13/08/2025","13/08/2025"
cme99emll00ebjncdoam4ufd6,"Khawmawi SC","SC_HWC","Lawngtlai","",No,Active,"13/08/2025","13/08/2025"
cme99emuz00m9jncdhpqavlet,"Khawrihnim SC","SC_HWC","Mamit","",No,Active,"13/08/2025","13/08/2025"
cme99em95000ljncdsu6likqi,"Khawruhlian PHC","PHC","Aizawl East","",No,Active,"13/08/2025","13/08/2025"
cme99emdc004njncdmcunkc59,"Khawruhlian SC","SC_HWC","Aizawl East","",No,Active,"13/08/2025","13/08/2025"
cme99ema5001hjncdic5hwx4y,"Khawzawl PHC","PHC","Champhai","",No,Active,"13/08/2025","13/08/2025"
cme99emjb00bvjncd4gcy48je,"Khawzawl SC","SC_HWC","Champhai","",No,Active,"13/08/2025","13/08/2025"
cme99emhi009tjncd6i68lswi,"Khuangleng SC","SC_HWC","Champhai","",No,Active,"13/08/2025","13/08/2025"
cme99emib00atjncdlmlzr4e6,"Khuangphah SC","SC_HWC","Champhai","",No,Active,"13/08/2025","13/08/2025"
cme99emz700qxjncd99bqgb8x,"Khuangthing AYUSH SC","A_HWC","Champhai","",No,Active,"13/08/2025","13/08/2025"
cme99emj100bhjncdkjg994gn,"Khuangthing SC","SC_HWC","Champhai","",No,Active,"13/08/2025","13/08/2025"
cme99en0200rrjncd2m9ahvpf,"Khumtung AYUSH SC","A_HWC","Aizawl East","",No,Active,"13/08/2025","13/08/2025"
cme99emew006bjncd1ye5cc6s,"Khumtung SC","SC_HWC","Aizawl East","",No,Active,"13/08/2025","13/08/2025"
cme99emk300crjncdjtisxgop,"Kolasib Vengthar SC","SC_HWC","Kolasib","",No,Active,"13/08/2025","13/08/2025"
cme99emy900pvjncdf1gctefo,"Kolasib Vengthar UHWC","U_HWC","Kolasib","",No,Active,"13/08/2025","18/08/2025"
cme99emgb0083jncdt290af0y,"Kulikawn SC","SC_HWC","Aizawl West","",No,Active,"13/08/2025","13/08/2025"
cme99emq500hljncdh695nelz,"Laisawral SC","SC_HWC","Lunglei","",No,Active,"13/08/2025","13/08/2025"
cme99emvt00ndjncdiv9tj8n0,"Laki SC","SC_HWC","Saiha","",No,Active,"13/08/2025","13/08/2025"
cme99emuc00lljncd4abbeeqs,"Lallen SC","SC_HWC","Mamit","",No,Active,"13/08/2025","13/08/2025"
cme99emgs008tjncdrchk83nv,"Lamchhip SC","SC_HWC","Aizawl West","",No,Active,"13/08/2025","13/08/2025"
cme99emjt00cfjncdzfh8kt5r,"Lamzawl SC","SC_HWC","Champhai","",No,Active,"13/08/2025","13/08/2025"
cme99em8u0009jncdccgbmyzi,"Lawipu","UPHC","Aizawl West","",No,Active,"13/08/2025","13/08/2025"
cme99emgn008ljncd3mlzn7i9,"Lawipu SC","SC_HWC","Aizawl West","",No,Active,"13/08/2025","13/08/2025"
cme99emvk00n1jncduk3xfymv,"Lawngban SC","SC_HWC","Saiha","",No,Active,"13/08/2025","13/08/2025"
cme99emz900qzjncd4v68q23h,"Lawngtlai AYUSH SC","A_HWC","Lawngtlai","",No,Active,"13/08/2025","13/08/2025"
cme99emln00edjncd61in55zt,"Lawngtlai SC","SC_HWC","Lawngtlai","",No,Active,"13/08/2025","13/08/2025"
cme99emq700hnjncdtb0fog3a,"Leite SC","SC_HWC","Lunglei","",No,Active,"13/08/2025","13/08/2025"
cme99emdr0055jncdldvq1kee,"Lenchim SC","SC_HWC","Aizawl East","",No,Active,"13/08/2025","13/08/2025"
cme99emwq00odjncd5k60xepc,"Leng SC","SC_HWC","Serchhip","",No,Active,"13/08/2025","13/08/2025"
cme99em9j000zjncdtjlj0tye,"Lengpui PHC","PHC","Aizawl West","",No,Active,"13/08/2025","13/08/2025"
cme99emgp008pjncd2pkfgi1h,"Lengpui SC","SC_HWC","Aizawl West","",No,Active,"13/08/2025","13/08/2025"
cme99emhk009vjncd2pc48t9b,"Lianpui SC","SC_HWC","Champhai","",No,Active,"13/08/2025","13/08/2025"
cme99emmi00f5jncds5wvhpka,"Longpuighat","SC_HWC","Lawngtlai","",No,Active,"13/08/2025","13/08/2025"
cme99emb5002fjncd4v006k19,"Longpuighat PHC","PHC","Lawngtlai","",No,Active,"13/08/2025","13/08/2025"
cme99emfx007pjncd72mtf08x,"Luangmual SC","SC_HWC","Aizawl West","",No,Active,"13/08/2025","13/08/2025"
cme99emq900hpjncdmq7q4e3f,"Lungchem SC","SC_HWC","Lunglei","",No,Active,"13/08/2025","13/08/2025"
cme99emx000oljncdra3xes5j,"Lungchhuan SC","SC_HWC","Serchhip","",No,Active,"13/08/2025","13/08/2025"
cme99emat0023jncdhxs0kj7r,"Lungdai PHC","PHC","Kolasib","",No,Active,"13/08/2025","13/08/2025"
cme99eml300drjncdqzo4suad,"Lungdai SC","SC_HWC","Kolasib","",No,Active,"13/08/2025","13/08/2025"
cme99emcc003njncd67h08j94,"Lungdar E PHC","PHC","Serchhip","",No,Active,"13/08/2025","13/08/2025"
cme99emwr00ofjncdui4vh6xm,"Lungdar E SC","SC_HWC","Serchhip","",No,Active,"13/08/2025","13/08/2025"
cme99emuv00m5jncdmxryfugm,"Lungdar W SC","SC_HWC","Mamit","",No,Active,"13/08/2025","13/08/2025"
cme99emx300onjncdaitc6bqs,"Lungkawlh SC","SC_HWC","Serchhip","",No,Active,"13/08/2025","13/08/2025"
cme99emqb00hrjncdwlovegg9,"Lunglawn SC","SC_HWC","Lunglei","",No,Active,"13/08/2025","13/08/2025"
cme99emgc0085jncdf5gthe9j,"Lungleng SC","SC_HWC","Aizawl West","",No,Active,"13/08/2025","13/08/2025"
cme99eml400dtjncdwjoysyvg,"Lungmuat SC","SC_HWC","Kolasib","",No,Active,"13/08/2025","13/08/2025"
cme99emx900otjncd9erhelj7,"Lungpho SC","SC_HWC","Serchhip","",No,Active,"13/08/2025","13/08/2025"
cme99emn900fpjncdyjoygs4h,"Lungrang S SC","SC_HWC","Lunglei","",No,Active,"13/08/2025","12/11/2025"
cme99embf002rjncd849kizfj,"Lungsen PHC","PHC","Lunglei","",No,Active,"13/08/2025","13/08/2025"
cme99emqd00htjncdorooh5ja,"Lungsen SC","SC_HWC","Lunglei","",No,Active,"13/08/2025","13/08/2025"
cme99emj500bnjncdwgjjnkby,"Lungtan SC","SC_HWC","Champhai","",No,Active,"13/08/2025","13/08/2025"
cme99emny00g5jncdy6mrn7w9,"Lungtian SC","SC_HWC","Lawngtlai","",No,Active,"13/08/2025","13/08/2025"
cme99emm100erjncdm1wbsefg,"Lungzarhtum SC","SC_HWC","Lawngtlai","",No,Active,"13/08/2025","13/08/2025"
cme99emml00f7jncd269m1ma1,"M. Kawnpui SC","SC_HWC","Lawngtlai","",No,Active,"13/08/2025","13/08/2025"
cme99emxp00pbjncd5f0ampyf,"MINECO UHWC","U_HWC","Aizawl West","",No,Active,"13/08/2025","13/08/2025"
cme99emdt0057jncdofy1j5as,"Maite SC","SC_HWC","Aizawl East","",No,Active,"13/08/2025","13/08/2025"
cme99emt000kbjncdasi3gfj7,"Mamit SC","SC_HWC","Mamit","",No,Active,"13/08/2025","13/08/2025"
cme99emlp00efjncda10wbg9w,"Mampui SC","SC_HWC","Lawngtlai","",No,Active,"13/08/2025","13/08/2025"
cme99emqg00hvjncdxguzt0a0,"Mamte SC","SC_HWC","Lunglei","",No,Active,"13/08/2025","13/08/2025"
cme99embp0031jncdx7k0e766,"Marpara PHC","PHC","Mamit","",No,Active,"13/08/2025","13/08/2025"
cme99emtz00l5jncdwoqs62o6,"Marpara SC","SC_HWC","Mamit","",No,Active,"13/08/2025","13/08/2025"
cme99emtx00l3jncd0nilgeej,"Maubawk","SC_HWC","Aizawl West","",No,Active,"13/08/2025","19/08/2025"
cme99emv300mdjncdos7dok1u,"Maubawk SC","SC_HWC","Saiha","",No,Active,"13/08/2025","13/08/2025"
cme99emzj00rbjncd4a1lxnq4,"Maubuang AYUSH SC","A_HWC","Aizawl East","",No,Active,"13/08/2025","13/08/2025"
cme99emfh0079jncdgijjhvhu,"Maubuang SC","SC_HWC","Aizawl West","",No,Active,"13/08/2025","13/08/2025"
cme99eme3005hjncdd6pilbdb,"Mauchar SC","SC_HWC","Aizawl East","",No,Active,"13/08/2025","13/08/2025"
cme99emmn00f9jncd957t3ps1,"Mautlang SC","SC_HWC","Lawngtlai","",No,Active,"13/08/2025","13/08/2025"
cme99emyh00q5jncdmfdd2yxw,"Meisavaih UHWC","U_HWC","Saiha","",No,Active,"13/08/2025","13/08/2025"
cme99emmy00fhjncdoyp1704g,"Melbuk (Khawnuam) SC","SC_HWC","Champhai","",No,Active,"13/08/2025","28/09/2025"
cme99emgd0087jncd44c0bbzv,"Melriat SC","SC_HWC","Aizawl West","",No,Active,"13/08/2025","13/08/2025"
cme99emgf0089jncdl5h6rkpm,"Melthum SC","SC_HWC","Aizawl West","",No,Active,"13/08/2025","13/08/2025"
cme99emaa001jjncdi4ywetpq,"Mimbung PHC","PHC","Champhai","",No,Active,"13/08/2025","13/08/2025"
cme99emjl00c5jncdag9tsjwc,"Mimbung SC","SC_HWC","Champhai","",No,Active,"13/08/2025","13/08/2025"
cme99emgg008bjncd8gsid4wp,"Mission Veng SC","SC_HWC","Aizawl West","",No,Active,"13/08/2025","13/08/2025"
cme99emy100pnjncdpbb34eqm,"Mission Veng UHWC","U_HWC","Aizawl West","",No,Active,"13/08/2025","13/08/2025"
cme99emqi00hxjncdp6303fcg,"Muallianpui SC","SC_HWC","Lunglei","",No,Active,"13/08/2025","13/08/2025"
cme99emfi007bjncdvf6logei,"Muallungthu SC","SC_HWC","Aizawl West","",No,Active,"13/08/2025","13/08/2025"
cme99emql00hzjncdd80711xw,"Mualthuam N SC","SC_HWC","Lunglei","",No,Active,"13/08/2025","13/08/2025"
cme99emkv00djjncdmqozb5mm,"N Chaltlang SC","SC_HWC","Kolasib","",No,Active,"13/08/2025","13/08/2025"
cme99emko00dbjncd7yz4fp51,"N Chawnpui SC","SC_HWC","Kolasib","",No,Active,"13/08/2025","13/08/2025"
cme99emh4009bjncdoqvk23zr,"N Hlimen SC","SC_HWC","Kolasib","",No,Active,"13/08/2025","21/08/2025"
cme99emws00ohjncd9nrfj8z9,"N Mualcheng SC","SC_HWC","Serchhip","",No,Active,"13/08/2025","13/08/2025"
cme99emt200kdjncd3gv6j88o,"N Sabual SC","SC_HWC","Mamit","",No,Active,"13/08/2025","13/08/2025"
cme99emx500opjncdhucx2mnv,"N Vanlaiphai SC","SC_HWC","Serchhip","",No,Active,"13/08/2025","13/08/2025"
cme99emep0063jncdvezjqgah,"N.Khawlek SC","SC_HWC","Aizawl East","",No,Active,"13/08/2025","13/08/2025"
cme99emcf003pjncdn5n5f82l,"N.Vanlaiphai PHC","PHC","Serchhip","",No,Active,"13/08/2025","13/08/2025"
cme99emzx00rnjncdw9k0n8p4,"NE Bualpui / Hliappui AYUSH SC","A_HWC","Khawzawl","",No,Active,"13/08/2025","13/08/2025"
cme99emir00b5jncd7gyhs83g,"NE Bualpui Hliappui SC","SC_HWC","Champhai","",No,Active,"13/08/2025","13/08/2025"
cme99emad001ljncd3fa8gjqw,"NE Khawdungsei PHC","PHC","Champhai","",No,Active,"13/08/2025","13/08/2025"
cme99emjq00cbjncda7zk03bg,"NE Khawdungsei SC","SC_HWC","Champhai","",No,Active,"13/08/2025","13/08/2025"
cme99emt400kfjncductzqanu,"Nalzawl SC","SC_HWC","Mamit","",No,Active,"13/08/2025","13/08/2025"
cme99emjd00bxjncd1x92b09b,"Neihdawn SC","SC_HWC","Champhai","",No,Active,"13/08/2025","13/08/2025"
cme99emkd00cxjncdshla9fer,"New Builum SC","SC_HWC","Kolasib","",No,Active,"13/08/2025","13/08/2025"
cme99emj600bpjncd1z2djmr8,"New Chalrang SC","SC_HWC","Champhai","",No,Active,"13/08/2025","13/08/2025"
cme99emtd00kljncde0aswpxe,"New Eden SC","SC_HWC","Mamit","",No,Active,"13/08/2025","13/08/2025"
cme99emvl00n3jncdg9c14h3x,"New Latawh SC","SC_HWC","Saiha","",No,Active,"13/08/2025","13/08/2025"
cme99emyn00qbjncdrrz7b105,"New Sachan AYUSH SC","A_HWC","Lunglei","",No,Active,"13/08/2025","13/08/2025"
cme99emz500qvjncdu70r3m5r,"New Serchhip AYUSH SC","A_HWC","Serchhip","",No,Active,"13/08/2025","13/08/2025"
cme99emyk00q7jncdx6fcswzl,"New Serchhip North UHWC","U_HWC","Serchhip","",No,Active,"13/08/2025","13/08/2025"
cme99emwc00nvjncdgnraal90,"New Serchhip SC","SC_HWC","Serchhip","",No,Active,"13/08/2025","13/08/2025"
cme99emjf00bzjncd3s1igoch,"Ngaizawl SC","SC_HWC","Champhai","",No,Active,"13/08/2025","13/08/2025"
cme99emci003rjncdzk14utd0,"Ngentiang PHC","PHC","Serchhip","",No,Active,"13/08/2025","13/08/2025"
cme99emyp00qdjncd2exu07yz,"Ngopa AYUSH SC","A_HWC","Saitual","",No,Active,"13/08/2025","13/08/2025"
cme99emju00chjncddi8hifcy,"Ngopa SC","SC_HWC","Champhai","",No,Active,"13/08/2025","13/08/2025"
cme99emhl009xjncd8oo8be6u,"Ngur SC","SC_HWC","Champhai","",No,Active,"13/08/2025","13/08/2025"
cme99emza00r1jncd12lybfam,"Niawhtlang AYUSH SC","A_HWC","Saiha","",No,Active,"13/08/2025","13/08/2025"
cme99emvj00mzjncd7b756wtu,"Niawhtlang SC","SC_HWC","Saiha","",No,Active,"13/08/2025","13/08/2025"
cme99eml600dvjncdqe06z12k,"Nisapui SC","SC_HWC","Kolasib","",No,Active,"13/08/2025","13/08/2025"
cme99emqo00i1jncdtrknetmc,"Nunsury SC","SC_HWC","Lunglei","",No,Active,"13/08/2025","13/08/2025"
cme99emq000hhjncdm3l0nf6v,"Old Sachan SC","SC_HWC","Lunglei","",No,Active,"13/08/2025","30/09/2025"
cme99emv400mfjncdeno1qore,"Old Saiha SC","SC_HWC","Saiha","",No,Active,"13/08/2025","13/08/2025"
cme99emh20099jncdg44t1w4y,"PTC Lungverh SC","SC_HWC","Aizawl West","",No,Active,"13/08/2025","13/08/2025"
cme99en0d00s7jncdzs8ptvb1,"Paithar AYUSH SC","A_HWC","Lawngtlai","",No,Active,"13/08/2025","17/10/2025"
cme99emls00ehjncdvw8cnqtr,"Paithar Ayush","A_HWC","Lawngtlai","",No,Active,"13/08/2025","12/11/2025"
cme99eme6005jjncd2h5q3osq,"Palsang SC","SC_HWC","Aizawl East","",No,Active,"13/08/2025","13/08/2025"
cme99emkf00czjncdtikq1cff,"Pangbalkawn SC","SC_HWC","Kolasib","",No,Active,"13/08/2025","13/08/2025"
cme99emo100g7jncdy3v7swor,"Pangkhua SC","SC_HWC","Lawngtlai","",No,Active,"13/08/2025","13/08/2025"
cme99embi002tjncdk3o5kmz5,"Pangzawl PHC","PHC","Lunglei","",No,Active,"13/08/2025","13/08/2025"
cme99emqq00i3jncdjwo2mn9d,"Pangzawl SC","SC_HWC","Lunglei","",No,Active,"13/08/2025","13/08/2025"
cme99en0e00s9jncd10ioqp9e,"Parva AYUSH SC","A_HWC","Lawngtlai","",No,Active,"13/08/2025","13/08/2025"
cme99emmq00fbjncd7bw03vkf,"Parva SC","SC_HWC","Lawngtlai","",No,Active,"13/08/2025","13/08/2025"
cme99emu300l9jncda96fovku,"Parvatui SC","SC_HWC","Mamit","",No,Active,"13/08/2025","13/08/2025"
cme99emit00b7jncd80dgv7kk,"Pawlrang SC","SC_HWC","Champhai","",No,Active,"13/08/2025","13/08/2025"
cme99emdd004pjncd6nai4n57,"Phaileng E SC","SC_HWC","Aizawl East","",No,Active,"13/08/2025","13/08/2025"
cme99emlb00e1jncd4triq5ih,"Phainuam SC","SC_HWC","Kolasib","",No,Active,"13/08/2025","13/08/2025"
cme99emqs00i5jncdlt7ko7u9,"Phairuangkai SC","SC_HWC","Lunglei","",No,Active,"13/08/2025","13/08/2025"
cme99emld00e3jncd922kx2pt,"Phaisen SC","SC_HWC","Kolasib","",No,Active,"13/08/2025","13/08/2025"
cme99emv600mhjncdmemxtvwt,"Phalhrang SC","SC_HWC","Saiha","",No,Active,"13/08/2025","13/08/2025"
cme99em97000njncdpd1eri76,"Phuaibuang PHC","PHC","Aizawl East","",No,Active,"13/08/2025","13/08/2025"
cme99emdh004vjncdxtlh6b3j,"Phuaibuang SC","SC_HWC","Aizawl East","",No,Active,"13/08/2025","13/08/2025"
cme99embr0033jncdqdab8g5f,"Phuldungsei PHC","PHC","Mamit","",No,Active,"13/08/2025","13/08/2025"
cme99emu400lbjncdnoaz19p0,"Phuldungsei SC","SC_HWC","Mamit","",No,Active,"13/08/2025","13/08/2025"
cme99em9a000pjncdn2ibyp60,"Phullen PHC","PHC","Aizawl East","",No,Active,"13/08/2025","13/08/2025"
cme99emdj004xjncdw0nt8csc,"Phullen SC","SC_HWC","Aizawl East","",No,Active,"13/08/2025","13/08/2025"
cme99emfk007djncdrvud82lt,"Phulpui SC","SC_HWC","Aizawl West","",No,Active,"13/08/2025","13/08/2025"
cme99emxq00pdjncdjs00l5zj,"Phunchawng UHWC","U_HWC","Aizawl West","",No,Active,"13/08/2025","13/08/2025"
cme99emc5003fjncd7vy6u14w,"Phura PHC","PHC","Saiha","",No,Active,"13/08/2025","13/08/2025"
cme99emvn00n5jncdfit34jww,"Phura SC","SC_HWC","Saiha","",No,Active,"13/08/2025","13/08/2025"
cme99emqu00i7jncd2wzlit9s,"Puankhai SC","SC_HWC","Lunglei","",No,Active,"13/08/2025","13/08/2025"
cme99en0c00s5jncdhrg4lq10,"Pukpui AYUSH SC","A_HWC","Lunglei","",No,Active,"13/08/2025","13/08/2025"
cme99emqw00i9jncd0fk1c6og,"Pukpui SC","SC_HWC","Lunglei","",No,Active,"13/08/2025","13/08/2025"
cme99emyd00pzjncdfjmgzatk,"Pukpui UHWC","U_HWC","Lunglei","",No,Active,"13/08/2025","13/08/2025"
cme99emu600ldjncd0chgwh5m,"Pukzing SC","SC_HWC","Mamit","",No,Active,"13/08/2025","13/08/2025"
cme99emqy00ibjncdir3bcjas,"Putlungasih SC","SC_HWC","Lunglei","",No,Active,"13/08/2025","13/08/2025"
cme99emag001njncdcoxvw5fb,"Rabung PHC","PHC","Champhai","",No,Active,"13/08/2025","13/08/2025"
cme99emjx00cljncdz7frr591,"Rabung SC","SC_HWC","Champhai","",No,Active,"13/08/2025","13/08/2025"
cme99emqz00idjncdxcg67npd,"Rahsiveng SC","SC_HWC","Lunglei","",No,Active,"13/08/2025","13/08/2025"
cme99emr300ifjncdvjqdo8xk,"Ralvawng SC","SC_HWC","Lunglei","",No,Active,"13/08/2025","13/08/2025"
cme99en0a00s3jncdtag3tpyw,"Ramhlun AYUSH SC","A_HWC","Aizawl East","",No,Active,"13/08/2025","13/08/2025"
cme99emf6006tjncd9upcbaee,"Ramhlun SC","SC_HWC","Aizawl East","",No,Active,"13/08/2025","13/08/2025"
cme99emfb0071jncdr8uax6sb,"Ramhlun South","SC_HWC","Aizawl East","",No,Active,"13/08/2025","13/08/2025"
cme99emr500ihjncdse7chjdy,"Ramlaitui SC","SC_HWC","Lunglei","",No,Active,"13/08/2025","13/08/2025"
cme99emo800gbjncdwo13ywne,"Ramthar SC","SC_HWC","Lunglei","",No,Active,"13/08/2025","13/08/2025"
cmeh1akpg02ftjnankshzjs18,"Ramthar SC","SC_HWC","Aizawl East","",No,Active,"18/08/2025","18/08/2025"
cme99em9g000vjncd2kf5gqbc,"Ratu PHC","PHC","Aizawl East","",No,Active,"13/08/2025","13/08/2025"
cme99emcr003zjncdb84e50b3,"Ratu SC","SC_HWC","Aizawl East","",No,Active,"13/08/2025","13/08/2025"
cme99emej005xjncdn4ekvj3r,"Rawlbuk","SC_HWC","Aizawl East","",No,Active,"13/08/2025","13/08/2025"
cme99emv800mjjncdl1jpbk04,"Rawmibawk SC","SC_HWC","Saiha","",No,Active,"13/08/2025","13/08/2025"
cme99emr600ijjncdvthpsovr,"Rawpui SC","SC_HWC","Lunglei","",No,Active,"13/08/2025","13/08/2025"
cme99embu0035jncdq1kxbqu6,"Rawpuichhip PHC","PHC","Mamit","",No,Active,"13/08/2025","13/08/2025"
cme99emu800lfjncdkydry5uu,"Rawpuichhip SC","SC_HWC","Mamit","",No,Active,"13/08/2025","13/08/2025"
cme99emcm003vjncdsvxiyug0,"Reiek PHC","PHC","Mamit","",No,Active,"13/08/2025","13/08/2025"
cme99emux00m7jncdcqc8qw5a,"Reiek SC","SC_HWC","Mamit","",No,Active,"13/08/2025","13/08/2025"
cme99emts00kxjncdwgkls7vn,"Rengdil SC","SC_HWC","Mamit","",No,Active,"13/08/2025","13/08/2025"
cme99emgy0093jncdtf5fkxtl,"Republic SC","SC_HWC","Aizawl West","",No,Active,"13/08/2025","13/08/2025"
cme99emhw00abjncd0lj06ifw,"Riangtlei SC","SC_HWC","Champhai","",No,Active,"13/08/2025","13/08/2025"
cme99emna00frjncd1ibnji58,"Rualalung SC","SC_HWC","Lunglei","",No,Active,"13/08/2025","12/11/2025"
cme99emxs00pfjncd5mz1f05l,"Ruallung UHWC","U_HWC","Aizawl East","",No,Active,"13/08/2025","13/08/2025"
cme99en0500rvjncd0mdp0k6w,"Ruantlang AYUSH SC","A_HWC","Champhai","",No,Active,"13/08/2025","13/08/2025"
cme99emhn009zjncdskb35www,"Ruantlang SC","SC_HWC","Champhai","",No,Active,"13/08/2025","13/08/2025"
cme99emdu0059jncduj7widsj,"Rulchawm SC","SC_HWC","Aizawl East","",No,Active,"13/08/2025","13/08/2025"
cme99emxb00ovjncdrd8ulrev,"Rullam SC","SC_HWC","Serchhip","",No,Active,"13/08/2025","13/08/2025"
cme99emu900lhjncdva9v0ijp,"Rulpuihlim SC","SC_HWC","Mamit","",No,Active,"13/08/2025","13/08/2025"
cme99emx700orjncduppor4fz,"S Chawngtui SC","SC_HWC","Lunglei","",No,Active,"13/08/2025","12/11/2025"
cme99emr800iljncdlrjkf5b5,"S Mualcheng SC","SC_HWC","Lunglei","",No,Active,"13/08/2025","13/08/2025"
cme99emra00injncdeigxutfa,"S Vanlaiphai SC","SC_HWC","Lunglei","",No,Active,"13/08/2025","13/08/2025"
cme99emb1002bjncdlxg702oo,"S. Lungpher PHC","PHC","Lawngtlai","",No,Active,"13/08/2025","13/08/2025"
cme99emni00fxjncd2iftgjrk,"S. Lungpher SC","SC_HWC","Lawngtlai","",No,Active,"13/08/2025","13/08/2025"
cme99embk002vjncdyw0hzdwa,"S. Vanlaiphai PHC","PHC","Lunglei","",No,Active,"13/08/2025","13/08/2025"
cme99emiv00b9jncddmx4y8p5,"Saichal SC","SC_HWC","Champhai","",No,Active,"13/08/2025","13/08/2025"
cme99emv900mljncd0wwzxroh,"Saihatlangkawn SC","SC_HWC","Saiha","",No,Active,"13/08/2025","13/08/2025"
cme99emtu00kzjncdufqh7mol,"Saikhawthlir SC","SC_HWC","Mamit","",No,Active,"13/08/2025","13/08/2025"
cme99emwu00ojjncdnql3ij8a,"Sailulak SC","SC_HWC","Serchhip","",No,Active,"13/08/2025","13/08/2025"
cme99emkp00ddjncdh7i5snrf,"Saiphai SC","SC_HWC","Kolasib","",No,Active,"13/08/2025","13/08/2025"
cme99emkr00dfjncdko6e8s59,"Saipum SC","SC_HWC","Kolasib","",No,Active,"13/08/2025","13/08/2025"
cme99em9k0011jncdehlb8pez,"Sairang PHC","PHC","Aizawl West","",No,Active,"13/08/2025","13/08/2025"
cme99emgr008rjncd8uczjtqn,"Sairang SC","SC_HWC","Aizawl West","",No,Active,"13/08/2025","13/08/2025"
cme99emdw005bjncdtvbv52dr,"Saitual SC","SC_HWC","Aizawl East","",No,Active,"13/08/2025","13/08/2025"
cme99emnd00ftjncdh93tmtvl,"Saizawh SC","SC_HWC","Lawngtlai","",No,Active,"13/08/2025","13/08/2025"
cme99emzd00r3jncdaol5ao9w,"Sakawrdai AYUSH SC","A_HWC","Aizawl East","",No,Active,"13/08/2025","13/08/2025"
cme99eme9005ljncd44iwjejg,"Sakawrdai SC","SC_HWC","Aizawl East","",No,Active,"13/08/2025","13/08/2025"
cme99emzn00rfjncd2wibph4h,"Sakawrtuichhun AYUSH SC","A_HWC","Aizawl East","",No,Active,"13/08/2025","13/08/2025"
cme99emg0007rjncdl1ppwplc,"Sakawrtuichhun SC","SC_HWC","Aizawl West","",No,Active,"13/08/2025","13/08/2025"
cme99emgt008vjncdyju0hoa4,"Salem SC","SC_HWC","Aizawl West","",No,Active,"13/08/2025","13/08/2025"
cme99emgu008xjncdv46wc8nr,"Samlukhai SC","SC_HWC","Aizawl West","",No,Active,"13/08/2025","13/08/2025"
cme99emj200bjjncdn9aq38r6,"Samthang SC","SC_HWC","Champhai","",No,Active,"13/08/2025","13/08/2025"
cme99emb2002djncddpbnu9h9,"Sangau PHC","PHC","Lawngtlai","",No,Active,"13/08/2025","13/08/2025"
cme99emo400g9jncd6j815nh1,"Sangau SC","SC_HWC","Lawngtlai","",No,Active,"13/08/2025","13/08/2025"
cme99emfl007fjncdswjqmxub,"Sateek SC","SC_HWC","Aizawl West","",No,Active,"13/08/2025","13/08/2025"
cme99emzk00rdjncd2zo1osde,"Sawleng AYUSH SC","A_HWC","Aizawl East","",No,Active,"13/08/2025","13/08/2025"
cme99emcs0041jncd6qdduo5p,"Sawleng SC","SC_HWC","Aizawl East","",No,Active,"13/08/2025","13/08/2025"
cme99em90000hjncdfq1md9qw,"Sazaikawn UPHC","UPHC","Lunglei","",No,Active,"13/08/2025","13/08/2025"
cme99emi000afjncdwxlh0rcv,"Sazep SC","SC_HWC","Champhai","",No,Active,"13/08/2025","13/08/2025"
cme99emjv00cjjncdileu71iw,"Selam SC","SC_HWC","Champhai","",No,Active,"13/08/2025","13/08/2025"
cme99emex006djncdu7ene2zx,"Seling SC","SC_HWC","Aizawl East","",No,Active,"13/08/2025","13/08/2025"
cme99emwd00nxjncd2qpa5bac,"Serchhip SC","SC_HWC","Serchhip","",No,Active,"13/08/2025","13/08/2025"
cme99emvw00nfjncdt191zjbe,"Serkawr SC","SC_HWC","Saiha","",No,Active,"13/08/2025","13/08/2025"
cme99eml800dxjncdzmqhrfu8,"Serkhan SC","SC_HWC","Kolasib","",No,Active,"13/08/2025","13/08/2025"
cme99emrb00ipjncde98epjue,"Serte SC","SC_HWC","Lunglei","",No,Active,"13/08/2025","13/08/2025"
cme99emrd00irjncdjtp6xwlj,"Sertlangpui SC","SC_HWC","Lunglei","",No,Active,"13/08/2025","13/08/2025"
cme99emcu0043jncdsis8q7pf,"Serzawl SC","SC_HWC","Aizawl East","",No,Active,"13/08/2025","13/08/2025"
cme99emrf00itjncdzotz2gu2,"Sesawm SC","SC_HWC","Lunglei","",No,Active,"13/08/2025","13/08/2025"
cme99emyw00qljncdwl4vs5m0,"Sesawng AYUSH SC","A_HWC","Aizawl East","",No,Active,"13/08/2025","13/08/2025"
cme99emey006fjncd4qejcony,"Sesawng SC","SC_HWC","Aizawl East","",No,Active,"13/08/2025","13/08/2025"
cme99emaj001rjncdq4di2qn2,"Sesih PHC","PHC","Champhai","",No,Active,"13/08/2025","13/08/2025"
cme99emho00a1jncda2et9qmb,"Sesih SC","SC_HWC","Champhai","",No,Active,"13/08/2025","13/08/2025"
cme99emye00q1jncdkbv9msgk,"Sethlun UHWC","U_HWC","Lunglei","",No,Active,"13/08/2025","13/08/2025"
cme99emnk00fzjncdvqe5ossj,"Siachangkawn SC","SC_HWC","Lawngtlai","",No,Active,"13/08/2025","13/08/2025"
cme99emwf00nzjncd28y5l6mc,"Sialhau SC","SC_HWC","Serchhip","",No,Active,"13/08/2025","13/08/2025"
cme99emah001pjncdxhw4vctx,"Sialhawk PHC","PHC","Champhai","",No,Active,"13/08/2025","13/08/2025"
cme99emjz00cnjncdtrrd96q8,"Sialhawk SC","SC_HWC","Champhai","",No,Active,"13/08/2025","13/08/2025"
cme99em9m0013jncd69og7has,"Sialsuk PHC","PHC","Aizawl West","",No,Active,"13/08/2025","13/08/2025"
cme99emgv008zjncd8tjxs8t7,"Sialsuk SC","SC_HWC","Aizawl West","",No,Active,"13/08/2025","13/08/2025"
cme99emvg00mvjncdi415sn9b,"Siata SC","SC_HWC","Saiha","",No,Active,"13/08/2025","13/08/2025"
cme99emdy005djncd2jbvmvbu,"Sihfa SC","SC_HWC","Aizawl East","",No,Active,"13/08/2025","13/08/2025"
cme99emen0061jncdcmrhnc8e,"Sihphir SC","SC_HWC","Aizawl East","",No,Active,"13/08/2025","13/08/2025"
cme99em8p0003jncdaegmzzrl,"Sihphir UPHC","UPHC","Aizawl East","",No,Active,"13/08/2025","13/08/2025"
cme99emu100l7jncd9czcyqoi,"Silsuri SC","SC_HWC","Mamit","",No,Active,"13/08/2025","13/08/2025"
cme99em9b000rjncdstkiee7g,"Suangpuilawn PHC","PHC","Aizawl East","",No,Active,"13/08/2025","13/08/2025"
cme99emer0065jncdk1en5rrc,"Suangpuilawn SC","SC_HWC","Aizawl East","",No,Active,"13/08/2025","13/08/2025"
cme99emt800khjncdugfzgt6w,"Suarhliap SC","SC_HWC","Mamit","",No,Active,"13/08/2025","13/08/2025"
cme99emnf00fvjncdghu1edw6,"Sumsilui SC","SC_HWC","Lawngtlai","",No,Active,"13/08/2025","13/08/2025"
cme99emgw0091jncd0t3sz522,"Sumsuih SC","SC_HWC","Aizawl West","",No,Active,"13/08/2025","13/08/2025"
cme99emfn007hjncd5fojvfq2,"Tachhip SC","SC_HWC","Aizawl West","",No,Active,"13/08/2025","13/08/2025"
cme99emg3007tjncd8lx214tx,"Tanhril SC","SC_HWC","Aizawl West","",No,Active,"13/08/2025","13/08/2025"
cme99emrh00ivjncdvj5kt5iv,"Tarpho SC","SC_HWC","Lunglei","",No,Active,"13/08/2025","13/08/2025"
cme99emrj00ixjncdjo6cmb4v,"Tawipui N SC","SC_HWC","Lunglei","",No,Active,"13/08/2025","13/08/2025"
cme99embm002xjncd994dcq51,"Tawipui S PHC","PHC","Lunglei","",No,Active,"13/08/2025","13/08/2025"
cme99emrm00izjncdufeb83zg,"Tawipui S SC","SC_HWC","Lunglei","",No,Active,"13/08/2025","13/08/2025"
cme99emjm00c7jncdq72sqr68,"Teikhang SC","SC_HWC","Champhai","",No,Active,"13/08/2025","13/08/2025"
cme99emdl004zjncd29xbylhz,"Thanglailung SC","SC_HWC","Aizawl East","",No,Active,"13/08/2025","13/08/2025"
cme99emzq00rhjncdi4sm202q,"Theiriat AYUSH SC","A_HWC","Lunglei","",No,Active,"13/08/2025","13/08/2025"
cme99emrn00j1jncdijpmih2h,"Theiriat SC","SC_HWC","Lunglei","",No,Active,"13/08/2025","13/08/2025"
cme99emva00mnjncdjyz5cqsp,"Theiva SC","SC_HWC","Saiha","",No,Active,"13/08/2025","13/08/2025"
cme99en0700rxjncd95m9fqz9,"Thenhlum AYUSH SC","A_HWC","Lunglei","",No,Active,"13/08/2025","13/08/2025"
cme99emrp00j3jncd8zf1kzdu,"Thenhlum SC","SC_HWC","Lunglei","",No,Active,"13/08/2025","13/08/2025"
cme99emwn00o9jncd2qi074r8,"Thentlang SC","SC_HWC","Serchhip","",No,Active,"13/08/2025","13/08/2025"
cme99emxj00p3jncdpz0u0u16,"Thenzawl SC","SC_HWC","Serchhip","",No,Active,"13/08/2025","13/08/2025"
cme99emrr00j5jncd4q692rdh,"Thiltlang SC","SC_HWC","Lunglei","",No,Active,"13/08/2025","13/08/2025"
cme99emzh00r9jncdt0zgeub2,"Thingdawl AYUSH SC","A_HWC","Kolasib","",No,Active,"13/08/2025","13/08/2025"
cme99emkg00d1jncdr3vjxbtt,"Thingdawl SC","SC_HWC","Kolasib","",No,Active,"13/08/2025","13/08/2025"
cme99emrt00j7jncdyepg3osl,"Thingfal SC","SC_HWC","Lunglei","",No,Active,"13/08/2025","13/08/2025"
cme99emuo00lxjncdnztizlm4,"Thinghlun SC","SC_HWC","Mamit","",No,Active,"13/08/2025","13/08/2025"
cme99emlt00ejjncdwcyjxwwx,"Thingkah SC","SC_HWC","Lawngtlai","",No,Active,"13/08/2025","13/08/2025"
cme99emxc00oxjncdib7bu8io,"Thinglian SC","SC_HWC","Serchhip","",No,Active,"13/08/2025","13/08/2025"
cme99emal001tjncdnhlzo3lo,"Thingsai PHC","PHC","Lunglei","",No,Active,"13/08/2025","13/08/2025"
cme99emru00j9jncdwt9uztfu,"Thingsai SC","SC_HWC","Lunglei","",No,Active,"13/08/2025","13/08/2025"
cme99emeb005njncdht5p8ebx,"Thingsat SC","SC_HWC","Aizawl East","",No,Active,"13/08/2025","13/08/2025"
cme99em9e000tjncd2qgnsyu4,"Thingsulthliah PHC","PHC","Aizawl East","",No,Active,"13/08/2025","13/08/2025"
cme99emez006hjncdqw0pu8sf,"Thingsulthliah SC","SC_HWC","Aizawl East","",No,Active,"13/08/2025","13/08/2025"
cme99emrw00jbjncdc2wirwdg,"Thualthu SC","SC_HWC","Lunglei","",No,Active,"13/08/2025","13/08/2025"
cme99emyu00qjjncdf76pbhe3,"Thuampui AYUSH SC","A_HWC","Lunglei","",No,Active,"13/08/2025","13/08/2025"
cme99emfe0075jncdxq6cjjjz,"Thuampui_Aizawl_East SC","SC_HWC","Aizawl East","",No,Active,"13/08/2025","13/08/2025"
cme99emsn00jzjncd6a1j9gn2,"Thuampui_Lunglei SC","SC_HWC","Lunglei","",No,Active,"13/08/2025","13/08/2025"
cme99emed005pjncd35h7ckr2,"Tinghmun SC","SC_HWC","Aizawl East","",No,Active,"13/08/2025","13/08/2025"
cme99en0k00sfjncd0bvbq9tn,"Tiperaghat AYUSH SC","A_HWC","Lunglei","",No,Active,"13/08/2025","13/08/2025"
cme99emry00jdjncdvx96171s,"Tiperaghat SC","SC_HWC","Lunglei","",No,Active,"13/08/2025","13/08/2025"
cme99emgh008djncdpk13c302,"Tlangnuam SC","SC_HWC","Aizawl West","",No,Active,"13/08/2025","13/08/2025"
cme99emk100cpjncdva2b0d2x,"Tlangpui SC","SC_HWC","Champhai","",No,Active,"13/08/2025","13/08/2025"
cme99emhq00a3jncd7pm0kk1s,"Tlangsam SC","SC_HWC","Champhai","",No,Active,"13/08/2025","13/08/2025"
cme99emf0006jjncdx4xpwwmd,"Tlungvel SC","SC_HWC","Aizawl East","",No,Active,"13/08/2025","13/08/2025"
cme99emvo00n7jncdky8hudvb,"Tongkolong SC","SC_HWC","Saiha","",No,Active,"13/08/2025","13/08/2025"
cme99eme0005fjncdia4efdhl,"Tualbung SC","SC_HWC","Aizawl East","",No,Active,"13/08/2025","13/08/2025"
cme99emze00r5jncd4mdovy32,"Tualcheng Ayush SC","A_HWC","Champhai","",No,Active,"13/08/2025","13/08/2025"
cme99emie00avjncdkseia4jz,"Tualcheng SC","SC_HWC","Champhai","",No,Active,"13/08/2025","13/08/2025"
cme99emjh00c1jncdlgr4algy,"Tualpui SC","SC_HWC","Champhai","",No,Active,"13/08/2025","13/08/2025"
cme99emjj00c3jncd9mug0ogn,"Tualte SC","SC_HWC","Champhai","",No,Active,"13/08/2025","13/08/2025"
cme99emzu00rljncd8zopy84l,"Tuichawng AYUSH SC","A_HWC","Lunglei","",No,Active,"13/08/2025","13/08/2025"
cme99emrz00jfjncdzsu7mrqd,"Tuichawng SC","A_HWC","Lunglei","",No,Active,"13/08/2025","13/08/2025"
cme99emtf00knjncdzhz938wl,"Tuidam SC","SC_HWC","Mamit","",No,Active,"13/08/2025","13/08/2025"
cme99emg5007vjncdegx7ycce,"Tuikual SC","SC_HWC","Aizawl West","",No,Active,"13/08/2025","13/08/2025"
cme99emvz00nhjncdb2sj43nz,"Tuipang L SC","SC_HWC","Saiha","",No,Active,"13/08/2025","13/08/2025"
cme99emc7003hjncdytl04fxn,"Tuipang PHC","PHC","Saiha","",No,Active,"13/08/2025","13/08/2025"
cme99emw200njjncdxsebt1zw,"Tuipang V SC","SC_HWC","Saiha","",No,Active,"13/08/2025","13/08/2025"
cme99ems100jhjncdk2ni86dj,"Tuipui D SC","SC_HWC","Lunglei","",No,Active,"13/08/2025","13/08/2025"
cme99emue00lnjncdjba3owk5,"Tuipuibari SC","SC_HWC","Mamit","",No,Active,"13/08/2025","13/08/2025"
cme99emvc00mpjncd77zdf6vq,"Tuipuiferry SC","SC_HWC","Saiha","",No,Active,"13/08/2025","13/08/2025"
cme99emxt00phjncdp5prcpwt,"Tuirial Kai UHWC","U_HWC","Aizawl East","",No,Active,"13/08/2025","13/08/2025"
cme99emf7006vjncdex63ocom,"Tuirial SC","SC_HWC","Aizawl East","",No,Active,"13/08/2025","13/08/2025"
cme99ems300jjjncdxnv9kpsv,"Tuisenchhuah SC","SC_HWC","Lunglei","",No,Active,"13/08/2025","13/08/2025"
cme99emw400nljncdpcc13gww,"Tuisih SC","SC_HWC","Saiha","",No,Active,"13/08/2025","13/08/2025"
cme99emve00mrjncdnz5uhypv,"Tuisumpui SC","SC_HWC","Saiha","",No,Active,"13/08/2025","13/08/2025"
cme99emki00d3jncdz1utpngo,"Tuithaveng SC","SC_HWC","Kolasib","",No,Active,"13/08/2025","13/08/2025"
cme99emz200qrjncd945xemz1,"Tuithumhnar AYUSH SC","A_HWC","Lawngtlai","",No,Active,"13/08/2025","13/08/2025"
cme99emmt00fdjncdlzu3ts7t,"Tuithumhnar Ayush","A_HWC","Lawngtlai","",No,Active,"13/08/2025","12/11/2025"
cme99emh00095jncdlzhlp4pm,"Tuivamit SC","SC_HWC","Aizawl West","",No,Active,"13/08/2025","13/08/2025"
cme99emxu00pjjncdfx6xrijd,"Tuivamit UHWC","U_HWC","Aizawl West","",No,Active,"13/08/2025","13/08/2025"
cme99emkk00d5jncdszn44bmg,"Tumpui SC","SC_HWC","Kolasib","",No,Active,"13/08/2025","13/08/2025"
cme99emfc0073jncddycrr1kh,"Upper Republic SC","SC_HWC","Aizawl West","",No,Active,"13/08/2025","19/08/2025"
cme99emvq00n9jncdkay4umhu,"Vahai SC","SC_HWC","Saiha","",No,Active,"13/08/2025","13/08/2025"
cme99emig00axjncdf8egwxq0,"Vaikhawtlang SC","SC_HWC","Champhai","",No,Active,"13/08/2025","13/08/2025"
cme99emle00e5jncddv5cwumg,"Vairengte SC","SC_HWC","Kolasib","",No,Active,"13/08/2025","13/08/2025"
cme99ems600jljncdnaz9o6gr,"Vaisam SC","SC_HWC","Lunglei","",No,Active,"13/08/2025","13/08/2025"
cme99emee005rjncd2sjzl9ju,"Vaitin SC","SC_HWC","Aizawl East","",No,Active,"13/08/2025","13/08/2025"
cme99emg7007xjncduifg7vpt,"Vaivakawn SC","SC_HWC","Aizawl West","",No,Active,"13/08/2025","13/08/2025"
cme99emet0067jncd6zzxd34d,"Vanbawng SC","SC_HWC","Aizawl East","",No,Active,"13/08/2025","13/08/2025"
cme99emix00bbjncdmok93hwo,"Vanchengpui SC","SC_HWC","Champhai","",No,Active,"13/08/2025","13/08/2025"
cme99emj700brjncdxt35d3nv,"Vantlang SC","SC_HWC","Champhai","",No,Active,"13/08/2025","13/08/2025"
cme99emi100ahjncdu1c68jvx,"Vanzau SC","SC_HWC","Champhai","",No,Active,"13/08/2025","13/08/2025"
cme99emi200ajjncd0fjs0dwv,"Vapar SC","SC_HWC","Champhai","",No,Active,"13/08/2025","13/08/2025"
cme99emyx00qnjncd3ve1fr9d,"Vaphai AYUSH SC","A_HWC","Champhai","",No,Active,"13/08/2025","13/08/2025"
cme99emi700apjncdtan047ds,"Vaphai SC","SC_HWC","Champhai","",No,Active,"13/08/2025","13/08/2025"
cme99emmv00ffjncd48afgx14,"Vathuampui SC","SC_HWC","Lawngtlai","",No,Active,"13/08/2025","13/08/2025"
cme99emnp00g1jncdjf7r3xnq,"Vawmbuk SC","SC_HWC","Lawngtlai","",No,Active,"13/08/2025","13/08/2025"
cme99emd3004fjncdcqpbylex,"Venghlui SC","SC_HWC","Aizawl East","",No,Active,"13/08/2025","13/08/2025"
cme99ems900jnjncdri0uoebk,"Venghlun SC","SC_HWC","Lunglei","",No,Active,"13/08/2025","13/08/2025"
cme99en0000rpjncdwn6npbcx,"Venghnuai AYUSH SC","A_HWC","Aizawl East","",No,Active,"13/08/2025","13/08/2025"
cme99emd6004hjncdxt1gocyt,"Venghnuai SC","SC_HWC","Aizawl East","",No,Active,"13/08/2025","13/08/2025"
cmetu0y4x059djn5eddgbpyah,"Venglai sc","SC_HWC","Kolasib","",No,Active,"27/08/2025","27/08/2025"
cme99emeg005tjncdfgxdhjr3,"Vervek SC","SC_HWC","Aizawl East","",No,Active,"13/08/2025","13/08/2025"
cme99emth00kpjncdp88virwx,"W Bunghmun SC","SC_HWC","Mamit","",No,Active,"13/08/2025","13/08/2025"
cme99embw0037jncdl4zo12yj,"W.Phaileng PHC","PHC","Mamit","",No,Active,"13/08/2025","13/08/2025"
cme99emuh00lpjncdhidh4o0w,"W.Phaileng SC","SC_HWC","Mamit","",No,Active,"13/08/2025","13/08/2025"
cme99emy600prjncdncf2rtcp,"Zaingen Veng UHWC","U_HWC","Champhai","",No,Active,"13/08/2025","13/08/2025"
cme99emtw00l1jncd4zpxqpv3,"Zamuang SC","SC_HWC","Mamit","",No,Active,"13/08/2025","13/08/2025"
cme99eml900dzjncd1ds10okk,"Zanlawn SC","SC_HWC","Kolasib","",No,Active,"13/08/2025","13/08/2025"
cme99embz0039jncd4pgnxqyg,"Zawlnuam PHC","PHC","Mamit","",No,Active,"13/08/2025","13/08/2025"
cme99emuq00lzjncd34g3ul5d,"Zawlnuam SC","SC_HWC","Mamit","",No,Active,"13/08/2025","13/08/2025"
cme99emsb00jpjncdxk76dv61,"Zawlpui SC","SC_HWC","Lunglei","",No,Active,"13/08/2025","13/08/2025"
cme99emw600nnjncdc4ol24j3,"Zawngling SC","SC_HWC","Saiha","",No,Active,"13/08/2025","13/08/2025"
cme99emxw00pljncdgq8s8pof,"Zemabawk Lungbial UHWC","U_HWC","Aizawl East","",No,Active,"13/08/2025","13/08/2025"
cme99emf9006xjncd00xi79pk,"Zemabawk SC","SC_HWC","Aizawl East","",No,Active,"13/08/2025","13/08/2025"
cme99em8r0005jncdhu9stddv,"Zemabawk UPHC","UPHC","Aizawl East","",No,Active,"13/08/2025","13/08/2025"
cme99emsd00jrjncd5enjh9ob,"Zobawk SC","SC_HWC","Lunglei","",No,Active,"13/08/2025","13/08/2025"
cme99emsg00jtjncd60810zwx,"Zodin SC","SC_HWC","Lunglei","",No,Active,"13/08/2025","13/08/2025"
cme99emeh005vjncdhxd2jru1,"Zohmun SC","SC_HWC","Aizawl East","",No,Active,"13/08/2025","13/08/2025"
cme99emsj00jvjncd43scnzj1,"Zohnuai SC","SC_HWC","Lunglei","",No,Active,"13/08/2025","13/08/2025"
cme99emhr00a5jncdg5dlupi8,"Zokhawthar SC","SC_HWC","Champhai","",No,Active,"13/08/2025","13/08/2025"
cme99emhs00a7jncdreg7xuoy,"Zote Champhai SC","SC_HWC","Champhai","",No,Active,"13/08/2025","13/08/2025"
cme99emxm00p7jncdz5o8383p,"Zote S SC","SC_HWC","Serchhip","",No,Active,"13/08/2025","13/08/2025"
cme99emg8007zjncdrfcegvav,"Zotlang Aizawl SC","SC_HWC","Aizawl West","",No,Active,"13/08/2025","13/08/2025"
cme99emsl00jxjncdclgltyj0,"Zotlang Lunglei SC","SC_HWC","Lunglei","",No,Active,"13/08/2025","13/08/2025"
cme99emfa006zjncdm84m73tm,"Zuangtui SC","SC_HWC","Aizawl East","",No,Active,"13/08/2025","13/08/2025"
cmeqr4qxy02jjjn5e8xjcasps,"ramtharsc","SC_HWC","Aizawl East","",No,Active,"25/08/2025","25/08/2025"